{"cameraMode":{"drawMode":0,"name":"Shaded","section":"Shading Mode"},"sceneLighting":true,"audioPlay":false,"sceneViewState":{"m_AlwaysRefresh":false,"showFog":true,"showSkybox":true,"showFlares":true,"showImageEffects":true,"showParticleSystems":true,"showVisualEffectGraphs":true,"m_FxEnabled":true},"in2DMode":false,"pivot":{"x":0.19581326842308045,"y":7.479084491729736,"z":-10.156661987304688},"rotation":{"x":-0.18480166792869569,"y":-0.036554139107465747,"z":0.006878471467643976,"w":-0.9820721745491028},"size":0.009432023391127587,"orthographic":false}