{"cameraMode":{"drawMode":0,"name":"Shaded","section":"Shading Mode"},"sceneLighting":true,"audioPlay":false,"sceneViewState":{"m_AlwaysRefresh":false,"showFog":true,"showSkybox":true,"showFlares":true,"showImageEffects":true,"showParticleSystems":true,"showVisualEffectGraphs":true,"m_FxEnabled":true},"in2DMode":false,"pivot":{"x":3.981421709060669,"y":1.1634132862091065,"z":-3.3601529598236086},"rotation":{"x":0.16992560029029847,"y":-0.504429042339325,"z":0.10198947787284851,"w":0.8404227495193481},"size":1.0732388496398926,"orthographic":false}